Unnamed: 0,Parcel ID,Land Use,Property Address,Suite/ Condo   #,Property City,Sale Date,Sale Price,Legal Reference,Sold As Vacant,Multiple Parcels Involved in Sale,Owner Name,Address,City,State,Acreage,Tax District,Neighborhood,image,Land Value,Building Value,Total Value,Finished Area,Foundation Type,Year Built,Exterior Wall,Grade,Bedrooms,Full Bath,Half Bath
0,149 03 0 303.00,VACANT RESIDENTIAL LAND,620 MAIN ST,,ANTIOCH,2013-04-17,23278,20169453-1434,Yes,No,"DAVIS, JOHN",9028 OAK ST,HERMITAGE,TN,1.18,GENERAL SERVICES DISTRICT,206,,44256,113158,157414,3659,SLAB,2001,FRAME,B,2,2,1
1,106 03 0 283.00,DUPLEX,6025 OAK ST,APT 2,NASHVILLE,2013-01-22,125353,20144935-5741,No,No,"DAVIS, MARY",1754 OAK ST,HERMITAGE,TN,1.46,GENERAL SERVICES DISTRICT,2764,http://x/i.jpg,49671,62780,112451,2255,CRAWL,1933,STONE,B,6,1,2
2,066 11 0 394.00,SINGLE FAMILY,3852 MAIN ST,,HERMITAGE,2014-05-03,90010,20143826-6155,No,Yes,"BROWN, LINDA",6582 OAK ST,HERMITAGE,TN,0.8,URBAN SERVICES DISTRICT,4140,http://x/i.jpg,75589,238943,314532,3859,FULL BSMT,2001,FRAME,C,4,3,0
3,026 13 0 196.00,VACANT RESIDENTIAL LAND,8769 ELM ST,APT 2,NASHVILLE,2016-11-24,,20137507-9797,No,Yes,"JOHNSON, LINDA",1927 OAK ST,MADISON,TN,2.23,GENERAL SERVICES DISTRICT,153,http://x/i.jpg,35033,368962,403995,2850,CRAWL,1937,STONE,A,6,3,2
4,014 04 0 186.00,DUPLEX,4023 MAIN ST,,NASHVILLE,2014-02-24,40032,20161849-2133,Yes,No,"SMITH, JAMES",2203 OAK ST,HERMITAGE,TN,4.74,URBAN SERVICES DISTRICT,4442,http://x/i.jpg,85697,318058,403755,1667,FULL BSMT,1984,STONE,C,2,3,1
5,068 08 0 004.00,SINGLE FAMILY,1064 OAK ST,,NASHVILLE,2015-06-03,77422,20163695-4899,No,Yes,,3610 OAK ST,ANTIOCH,TN,3.64,GENERAL SERVICES DISTRICT,4081,http://x/i.jpg,47493,157806,205299,4107,SLAB,2005,BRICK,A,1,4,1
6,037 08 0 099.00,RESIDENTIAL CONDO,8886 PARK ST,,HERMITAGE,2016-03-09,356803,20160318-5092,No,Yes,"JONES, LINDA",9116 OAK ST,NASHVILLE,TN,0.35,URBAN SERVICES DISTRICT,1628,,27899,71778,99677,1481,SLAB,1974,FRAME,,2,4,0
7,152 16 0 080.00,RESIDENTIAL CONDO,4961 OAK ST,,NASHVILLE,2016-12-11,202346,20133746-1821,Yes,Yes,"DAVIS, LINDA",8338 OAK ST,ANTIOCH,TN,0.38,URBAN SERVICES DISTRICT,3144,,52388,261777,314165,3237,CRAWL,,STONE,A,4,1,2
8,193 11 0 123.00,DUPLEX,6584 OAK ST,APT 2,MADISON,2013-08-11,989306,20134754-1152,No,No,"BROWN, ROBERT",1300 OAK ST,ANTIOCH,TN,2.58,URBAN SERVICES DISTRICT,5818,,89085,314088,403173,1800,SLAB,1951,FRAME,A,4,3,2
9,049 09 0 145.00,RESIDENTIAL CONDO,5717 OAK ST,APT 2,MADISON,2013-09-16,92692,20146457-1832,No,Yes,"SMITH, JOHN",4633 OAK ST,NASHVILLE,TN,0.12,URBAN SERVICES DISTRICT,4391,,32601,178656,211257,3836,SLAB,2003,STONE,C,4,1,0
10,020 12 0 108.00,RESIDENTIAL CONDO,1784 ELM ST,APT 2,HERMITAGE,2014-10-24,109444,20140128-4878,No,No,"JONES, JANE & ROBERT",6855 OAK ST,NASHVILLE,TN,0.98,GENERAL SERVICES DISTRICT,6845,,87420,117643,205063,1892,CRAWL,1929,STONE,A,4,1,1
11,081 03 0 396.00,DUPLEX,5853 PARK ST,APT 2,MADISON,2014-01-04,80332,20147118-3925,Yes,Yes,"DAVIS, JANE",726 OAK ST,NASHVILLE,TN,3.02,GENERAL SERVICES DISTRICT,5239,http://x/i.jpg,44219,52406,96625,,FULL BSMT,1948,BRICK,B,5,2,1
12,094 11 0 340.00,SINGLE FAMILY,5020 ELM ST,APT 2,HERMITAGE,2016-06-13,1145688,20149376-3085,No,Yes,"JONES, JOHN",6311 OAK ST,ANTIOCH,TN,3.12,GENERAL SERVICES DISTRICT,6753,,40825,230956,271781,2044,SLAB,1925,BRICK,B,5,3,1
13,172 11 0 048.00,RESIDENTIAL CONDO,5185 OAK ST,,ANTIOCH,2016-01-02,796172,20146046-8784,Yes,No,"SMITH, ROBERT",7561 OAK ST,HERMITAGE,TN,4.44,URBAN SERVICES DISTRICT,6391,http://x/i.jpg,37241,385427,422668,2436,CRAWL,1976,BRICK,C,6,1,0
14,128 11 0 387.00,VACANT RESIDENTIAL LAND,8370 PARK ST,APT 2,HERMITAGE,2014-03-24,282429,20161108-8373,No,No,"JOHNSON, JOHN",4643 OAK ST,HERMITAGE,TN,3.17,GENERAL SERVICES DISTRICT,7306,,21582,332241,353823,3722,SLAB,1974,BRICK,B,3,3,2
15,148 15 0 213.00,SINGLE FAMILY,3488 PARK ST,,NASHVILLE,2014-10-13,not_a_number,20161259-1096,No,Yes,"SMITH, MARY",6489 OAK ST,HERMITAGE,TN,2.74,URBAN SERVICES DISTRICT,8099,,35028,152172,187200,1917,SLAB,1930,FRAME,A,4,3,2
16,016 03 0 330.00,VACANT RESIDENTIAL LAND,2323 PARK ST,,NASHVILLE,2016-05-13,433828,20151453-4467,No,Yes,"JONES, JAMES",5629 OAK ST,HERMITAGE,TN,1.46,GENERAL SERVICES DISTRICT,4233,,85008,54138,139146,2726,CRAWL,2006,STONE,C,1,3,0
17,131 04 0 289.00,RESIDENTIAL CONDO,7719 ELM ST,,ANTIOCH,2013-10-20,25276,20137506-3683,No,No,"MILLER, JANE",9581 OAK ST,NASHVILLE,TN,4.65,GENERAL SERVICES DISTRICT,6598,,41130,50684,91814,1111,FULL BSMT,2003,STONE,C,2,1,2
18,097 01 0 216.00,VACANT RESIDENTIAL LAND,1829 PARK ST,,HERMITAGE,2013-12-05,664070,20158540-3885,Yes,Yes,"BROWN, JOHN",8917 OAK ST,HERMITAGE,TN,2.38,GENERAL SERVICES DISTRICT,5380,,71148,386827,457975,1154,SLAB,3050,FRAME,A,4,4,1
19,189 09 0 285.00,SINGLE FAMILY,8564 OAK ST,,ANTIOCH,2016-12-14,62600,20162019-4937,Yes,Yes,"BROWN, ROBERT",8141 OAK ST,HERMITAGE,TN,3.99,URBAN SERVICES DISTRICT,4920,,61507,175451,236958,2456,FULL BSMT,1923,BRICK,B,6,3,1
20,040 07 0 162.00,SINGLE FAMILY,8879 OAK ST,,ANTIOCH,2015-12-16,295542,20148120-9595,Yes,Yes,"BROWN, ROBERT",1747 OAK ST,ANTIOCH,TN,1.55,GENERAL SERVICES DISTRICT,3039,http://x/i.jpg,61112,277893,339005,857,FULL BSMT,1990,STONE,A,-3,1,0
21,122 11 0 095.00,SINGLE FAMILY,4236 PARK ST,,NASHVILLE,2015-07-16,267213,20134855-1878,No,No,"MILLER, ROBERT",9321 OAK ST,MADISON,TN,0.52,URBAN SERVICES DISTRICT,2040,http://x/i.jpg,28446,46430,74876,3283,FULL BSMT,1990,STONE,A,5,4,1
22,063 07 0 136.00,SINGLE FAMILY,2673 OAK ST,,NASHVILLE,2015-03-01,620215,20156772-8381,Yes,Yes,"DAVIS, JOHN",4871 OAK ST,NASHVILLE,TN,1.23,GENERAL SERVICES DISTRICT,7538,,22894,359622,382516,0,CRAWL,1976,FRAME,C,5,2,1
23,155 10 0 225.00,SINGLE FAMILY,7779 ELM ST,APT 2,HERMITAGE,2014-05-17,39528,20165388-9090,No,No,"JOHNSON, ROBERT",9898 OAK ST,NASHVILLE,TN,4.46,GENERAL SERVICES DISTRICT,9991,http://x/i.jpg,24359,71267,95626,905,CRAWL,1934,BRICK,C,5,1,2
24,135 03 0 241.00,DUPLEX,6790 ELM ST,,NASHVILLE,2013-03-11,844174,20156977-9117,No,Yes,"JOHNSON, JAMES",9112 OAK ST,NASHVILLE,TN,2.33,GENERAL SERVICES DISTRICT,4235,http://x/i.jpg,72963,0,258797,1274,SLAB,1954,STONE,A,6,4,1
25,083 15 0 358.00,VACANT RESIDENTIAL LAND,2089 MAIN ST,APT 2,ANTIOCH,2014-12-06,194838,20150365-1224,Yes,Yes,"JOHNSON, ROBERT",1627 OAK ST,ANTIOCH,TN,4.96,URBAN SERVICES DISTRICT,7660,,72939,67059,139998,3453,CRAWL,1926,FRAME,C,3,3,1
26,044 03 0 142.00,VACANT RESIDENTIAL LAND,5668 ELM ST,,MADISON,2016-12-10,51946,20168465-9022,No,Yes,"MILLER, JAMES",8924 OAK ST,HERMITAGE,TN,1.79,GENERAL SERVICES DISTRICT,7560,http://x/i.jpg,65277,139934,205211,1572,FULL BSMT,1981,BRICK,C,4,2,1
27,019 05 0 258.00,DUPLEX,1744 PARK ST,,HERMITAGE,2015-01-24,284871,20139447-7717,Yes,No,"DAVIS, JANE",1325 OAK ST,HERMITAGE,TN,3.93,GENERAL SERVICES DISTRICT,5646,http://x/i.jpg,65604,387964,453568,3461,CRAWL,1925,FRAME,C,5,4,1
28,033 14 0 051.00,SINGLE FAMILY,7369 OAK ST,APT 2,MADISON,2016-01-02,90912,20151258-1919,No,Yes,"DAVIS, ROBERT",6241 OAK ST,HERMITAGE,TN,0.81,GENERAL SERVICES DISTRICT,9372,,45771,370910,416681,1496,CRAWL,2000,BRICK,C,4,2,1
29,129 10 0 347.00,RESIDENTIAL CONDO,1310 PARK ST,,MADISON,2014-11-14,220887,20146390-8484,No,No,"DAVIS, JOHN",6402 OAK ST,HERMITAGE,TN,0.62,GENERAL SERVICES DISTRICT,9470,http://x/i.jpg,75236,173864,249100,3154,SLAB,1994,STONE,B,1,4,1
30,183 05 0 322.00,SINGLE FAMILY,745 ELM ST,,NASHVILLE,2013-10-12,85107,20138612-2476,No,Yes,"DAVIS, JANE",6907 OAK ST,ANTIOCH,TN,1.08,GENERAL SERVICES DISTRICT,8797,http://x/i.jpg,61179,154821,216000,1473,SLAB,1921,FRAME,B,6,3,0
31,013 09 0 275.00,SINGLE FAMILY,7551 ELM ST,APT 2,MADISON,2013-10-13,536575,20154344-2775,Yes,No,"BROWN, JOHN",7824 OAK ST,NASHVILLE,TN,3.14,GENERAL SERVICES DISTRICT,3726,,67089,332192,399281,3402,SLAB,1979,STONE,B,6,4,0
32,104 14 0 301.00,RESIDENTIAL CONDO,6897 MAIN ST,,HERMITAGE,2013-05-02,24877,20154283-4559,No,Yes,"MILLER, JANE",3968 OAK ST,MADISON,TN,0.59,GENERAL SERVICES DISTRICT,9020,http://x/i.jpg,27739,163102,190841,1048,SLAB,1937,FRAME,A,1,4,0
33,063 07 0 120.00,DUPLEX,2517 MAIN ST,,ANTIOCH,2014-03-18,105598,20146426-3858,No,No,"MILLER, JANE & JAMES",2259 OAK ST,NASHVILLE,TN,1.86,URBAN SERVICES DISTRICT,9747,http://x/i.jpg,46925,106020,152945,864,CRAWL,2004,FRAME,A,2,4,2
34,167 02 0 373.00,DUPLEX,7604 MAIN ST,,HERMITAGE,2013-07-14,217512,20137075-9032,Yes,Yes,"SMITH, MARY",1304 OAK ST,NASHVILLE,TN,1.68,URBAN SERVICES DISTRICT,1176,,82271,351251,433522,1926,FULL BSMT,1934,STONE,C,5,3,1
35,151 07 0 221.00,VACANT RESIDENTIAL LAND,3843 PARK ST,,HERMITAGE,2015-07-14,232527,20136231-6120,No,Yes,"DAVIS, LINDA",4276 OAK ST,MADISON,TN,4.77,GENERAL SERVICES DISTRICT,1199,,27999,99985,127984,1149,CRAWL,1996,FRAME,A,6,3,0
36,118 02 0 148.00,DUPLEX,5861 MAIN ST,APT 2,ANTIOCH,2013-03-22,247216,20161600-4674,No,Yes,"BROWN, LINDA",9213 OAK ST,MADISON,TN,0.66,GENERAL SERVICES DISTRICT,9506,,31021,255382,286403,4106,SLAB,1991,STONE,C,5,1,2
37,154 13 0 036.00,RESIDENTIAL CONDO,602 MAIN ST,APT 2,ANTIOCH,2015-07-14,586545,20159730-6585,No,Yes,"BROWN, JOHN & JANE",5205 OAK ST,MADISON,TN,3.91,URBAN SERVICES DISTRICT,961,,55499,218165,273664,1444,FULL BSMT,2004,BRICK,C,1,3,1
38,038 10 0 348.00,VACANT RESIDENTIAL LAND,8733 ELM ST,,ANTIOCH,2016-07-20,259141,20133590-1125,No,Yes,"MILLER, JOHN",3560 OAK ST,ANTIOCH,TN,3.84,GENERAL SERVICES DISTRICT,5475,,50804,153020,203824,831,SLAB,2004,STONE,B,2,2,1
39,127 03 0 161.00,VACANT RESIDENTIAL LAND,9494 PARK ST,APT 2,HERMITAGE,2014-05-04,1173836,20156544-1341,No,No,"JONES, LINDA & JOHN",7638 OAK ST,MADISON,TN,0.53,URBAN SERVICES DISTRICT,4086,http://x/i.jpg,61421,77788,139209,3212,SLAB,1988,STONE,A,4,3,2
40,099 12 0 373.00,RESIDENTIAL CONDO,3971 MAIN ST,,MADISON,2014-04-06,380090,20169478-3504,Yes,No,"MILLER, JANE",3002 OAK ST,HERMITAGE,TN,2.37,GENERAL SERVICES DISTRICT,9348,http://x/i.jpg,29945,318189,348134,3369,SLAB,1963,BRICK,B,1,4,1
41,024 12 0 147.00,SINGLE FAMILY,1579 PARK ST,,NASHVILLE,2015-08-26,255037,20167464-4084,No,Yes,"BROWN, MARY",8314 OAK ST,ANTIOCH,TN,4.79,GENERAL SERVICES DISTRICT,1795,http://x/i.jpg,81497,78897,160394,3725,CRAWL,2000,STONE,C,2,1,0
42,096 02 0 324.00,DUPLEX,1179 ELM ST,,HERMITAGE,2016-05-09,848142,20169498-3463,No,No,"BROWN, ROBERT",9647 OAK ST,ANTIOCH,TN,4.59,GENERAL SERVICES DISTRICT,6521,,35807,230787,266594,3237,FULL BSMT,2010,BRICK,B,5,4,2
43,056 07 0 175.00,VACANT RESIDENTIAL LAND,3245 OAK ST,,ANTIOCH,2014-02-10,977407,20136628-9317,Yes,No,"BROWN, JOHN",5617 OAK ST,ANTIOCH,TN,3.03,URBAN SERVICES DISTRICT,2758,,70496,306594,377090,3637,FULL BSMT,1962,BRICK,C,4,1,1
44,130 07 0 189.00,VACANT RESIDENTIAL LAND,7664 ELM ST,,HERMITAGE,2014-03-27,598769,20143087-3267,No,No,"MILLER, JANE",7973 OAK ST,MADISON,TN,2.82,URBAN SERVICES DISTRICT,8552,,73841,162684,236525,1967,CRAWL,1966,BRICK,B,4,2,1
45,030 12 0 115.00,SINGLE FAMILY,5321 MAIN ST,APT 2,MADISON,2014-03-05,191641,20132510-5700,No,No,"MILLER, ROBERT",7785 OAK ST,HERMITAGE,TN,3.12,URBAN SERVICES DISTRICT,411,http://x/i.jpg,21980,247856,269836,1683,CRAWL,1931,STONE,C,5,4,0
46,162 01 0 324.00,RESIDENTIAL CONDO,2452 ELM ST,,NASHVILLE,2014-10-12,59472,20145765-7825,No,No,"MILLER, MARY & MARY",8676 OAK ST,MADISON,TN,0.43,URBAN SERVICES DISTRICT,6497,http://x/i.jpg,70027,374994,445021,978,FULL BSMT,1956,FRAME,B,3,1,1
47,149 11 0 330.00,RESIDENTIAL CONDO,7712 PARK ST,APT 2,ANTIOCH,2015-03-03,989024,20159994-1605,No,No,"DAVIS, ROBERT & ROBERT",817 OAK ST,ANTIOCH,TN,4.44,GENERAL SERVICES DISTRICT,5180,http://x/i.jpg,28587,345084,373671,4139,FULL BSMT,1928,FRAME,B,1,2,1
48,108 11 0 096.00,VACANT RESIDENTIAL LAND,8251 ELM ST,APT 2,MADISON,2013-02-24,171622,20157820-2293,No,No,"DAVIS, MARY",9037 OAK ST,MADISON,TN,1.67,URBAN SERVICES DISTRICT,5472,http://x/i.jpg,72272,249726,321998,2055,SLAB,1965,STONE,C,4,2,2
49,113 12 0 263.00,RESIDENTIAL CONDO,610 OAK ST,APT 2,HERMITAGE,2015-01-05,111103,20134406-4866,Yes,Yes,"DAVIS, JOHN & LINDA",6033 OAK ST,HERMITAGE,TN,4.75,URBAN SERVICES DISTRICT,2613,http://x/i.jpg,72008,183946,255954,2319,SLAB,1976,FRAME,A,5,2,2
50,109 04 0 135.00,DUPLEX,7411 OAK ST,APT 2,MADISON,2016-12-16,61207,20143118-3009,No,No,"DAVIS, JANE",7506 OAK ST,ANTIOCH,TN,4.5,GENERAL SERVICES DISTRICT,1538,http://x/i.jpg,29869,53586,83455,3535,SLAB,1966,STONE,A,5,3,1
51,156 12 0 240.00,RESIDENTIAL CONDO,1512 MAIN ST,,HERMITAGE,2014-12-24,67381,20161369-9612,No,Yes,"JOHNSON, MARY & JAMES",9519 OAK ST,NASHVILLE,TN,0.71,GENERAL SERVICES DISTRICT,1315,http://x/i.jpg,41342,112811,154153,2708,FULL BSMT,1940,STONE,B,2,2,0
52,142 10 0 041.00,DUPLEX,3316 ELM ST,,MADISON,2013-10-18,235817,20136122-9234,Yes,No,"BROWN, LINDA",9796 OAK ST,ANTIOCH,TN,0.94,GENERAL SERVICES DISTRICT,9334,,36581,124917,161498,4180,CRAWL,1975,BRICK,A,6,3,2
53,185 13 0 153.00,VACANT RESIDENTIAL LAND,1295 MAIN ST,,HERMITAGE,2016-07-16,957630,20160437-4342,No,No,"BROWN, MARY",5221 OAK ST,MADISON,TN,3.7,GENERAL SERVICES DISTRICT,6632,,52967,376544,429511,3915,SLAB,1946,STONE,C,1,3,0
54,117 08 0 082.00,DUPLEX,9564 ELM ST,,ANTIOCH,2013-08-17,55058,20160593-9171,No,Yes,"BROWN, MARY",479 OAK ST,NASHVILLE,TN,4.73,GENERAL SERVICES DISTRICT,4044,,27689,66531,94220,3189,SLAB,1979,BRICK,A,3,4,2
55,113 12 0 024.00,VACANT RESIDENTIAL LAND,938 OAK ST,,MADISON,2016-02-13,57453,20163046-8378,Yes,Yes,"BROWN, LINDA",2046 OAK ST,ANTIOCH,TN,4.88,GENERAL SERVICES DISTRICT,6214,http://x/i.jpg,71482,110220,181702,3084,SLAB,2003,BRICK,A,5,4,2
56,141 05 0 168.00,DUPLEX,2762 PARK ST,APT 2,MADISON,2013-10-11,135923,20163247-9351,Yes,Yes,"JONES, JANE",9322 OAK ST,MADISON,TN,2.43,URBAN SERVICES DISTRICT,6135,http://x/i.jpg,77094,312279,389373,3559,CRAWL,1925,FRAME,C,3,1,2
57,194 13 0 076.00,RESIDENTIAL CONDO,617 MAIN ST,,NASHVILLE,2015-08-11,538597,20157445-3481,No,No,"JONES, JANE",6823 OAK ST,HERMITAGE,TN,4.38,URBAN SERVICES DISTRICT,2362,,21731,345934,367665,3097,SLAB,1980,STONE,B,5,4,1
58,081 10 0 116.00,DUPLEX,4835 OAK ST,APT 2,HERMITAGE,2016-06-16,189738,20152859-5480,No,No,"JONES, JANE",9495 OAK ST,HERMITAGE,TN,4.49,GENERAL SERVICES DISTRICT,5754,,49650,359855,409505,1989,CRAWL,1942,FRAME,C,1,3,1
59,199 08 0 125.00,SINGLE FAMILY,8800 OAK ST,APT 2,ANTIOCH,2015-01-04,511884,20157086-6411,Yes,Yes,"DAVIS, ROBERT & JAMES",1747 OAK ST,ANTIOCH,TN,0.13,URBAN SERVICES DISTRICT,6766,http://x/i.jpg,50537,334659,385196,2755,FULL BSMT,2003,BRICK,B,3,3,2
60,019 13 0 254.00,RESIDENTIAL CONDO,4842 MAIN ST,,MADISON,2013-10-20,861148,20137032-6489,No,Yes,"JONES, JANE",9001 OAK ST,HERMITAGE,TN,4.46,URBAN SERVICES DISTRICT,8361,http://x/i.jpg,19888,131784,151672,1917,CRAWL,1927,BRICK,B,2,4,2
61,173 13 0 219.00,DUPLEX,1521 PARK ST,APT 2,NASHVILLE,2014-03-05,293099,20161290-6301,No,No,"JOHNSON, JANE",4372 OAK ST,HERMITAGE,TN,1.25,GENERAL SERVICES DISTRICT,5500,http://x/i.jpg,89420,393580,483000,3185,FULL BSMT,1952,STONE,A,3,3,2
62,186 04 0 328.00,DUPLEX,6121 OAK ST,,ANTIOCH,2013-08-05,35495,20159817-7121,No,Yes,"MILLER, LINDA",8906 OAK ST,ANTIOCH,TN,3.83,URBAN SERVICES DISTRICT,8709,http://x/i.jpg,68138,399700,467838,2963,FULL BSMT,1950,FRAME,A,5,1,0
63,193 16 0 047.00,VACANT RESIDENTIAL LAND,1011 PARK ST,,HERMITAGE,2014-08-19,95065,20133783-8575,Yes,Yes,"JONES, JOHN",456 OAK ST,HERMITAGE,TN,1.35,URBAN SERVICES DISTRICT,3670,,58007,312808,370815,985,SLAB,1990,FRAME,C,1,1,0
64,106 13 0 042.00,RESIDENTIAL CONDO,5797 MAIN ST,,HERMITAGE,2013-09-05,57629,20144594-1056,No,Yes,"JONES, MARY",7685 OAK ST,HERMITAGE,TN,2.71,URBAN SERVICES DISTRICT,4155,http://x/i.jpg,70097,236325,306422,2217,CRAWL,1980,FRAME,A,6,1,0
65,190 02 0 126.00,SINGLE FAMILY,6690 PARK ST,,ANTIOCH,2016-01-05,22050,20163023-5739,No,Yes,"SMITH, MARY",9561 OAK ST,MADISON,TN,1.26,URBAN SERVICES DISTRICT,8640,,28224,351397,379621,2493,SLAB,2004,FRAME,A,5,2,2
66,048 10 0 193.00,RESIDENTIAL CONDO,8913 PARK ST,,ANTIOCH,2016-05-28,229924,20139460-8586,No,Yes,"BROWN, LINDA",6924 OAK ST,ANTIOCH,TN,2.0,GENERAL SERVICES DISTRICT,3431,http://x/i.jpg,64958,314969,379927,3448,CRAWL,2006,FRAME,B,1,2,0
67,095 10 0 008.00,RESIDENTIAL CONDO,3213 MAIN ST,APT 2,HERMITAGE,2016-04-23,497304,20169610-4350,No,No,"JONES, JANE",9145 OAK ST,MADISON,TN,3.9,GENERAL SERVICES DISTRICT,7739,http://x/i.jpg,88249,153779,242028,2063,SLAB,1954,FRAME,C,4,4,0
68,014 09 0 284.00,VACANT RESIDENTIAL LAND,4936 OAK ST,,MADISON,2016-04-13,153248,20167341-5026,No,Yes,"MILLER, JANE",4316 OAK ST,HERMITAGE,TN,4.84,GENERAL SERVICES DISTRICT,7650,,69254,63968,133222,3801,SLAB,2012,BRICK,A,6,4,0
69,069 03 0 363.00,RESIDENTIAL CONDO,249 OAK ST,APT 2,HERMITAGE,2013-06-02,88674,20161667-8993,No,No,"JONES, JANE",8819 OAK ST,HERMITAGE,TN,0.16,GENERAL SERVICES DISTRICT,8877,http://x/i.jpg,21358,43346,64704,870,FULL BSMT,1989,STONE,C,4,2,0
70,127 08 0 357.00,RESIDENTIAL CONDO,5014 MAIN ST,APT 2,NASHVILLE,2014-02-13,949888,20154855-7179,Yes,Yes,"BROWN, MARY & MARY",1019 OAK ST,NASHVILLE,TN,3.54,URBAN SERVICES DISTRICT,8289,http://x/i.jpg,48084,225829,273913,3441,SLAB,1932,STONE,A,5,1,0
71,014 07 0 301.00,RESIDENTIAL CONDO,6625 MAIN ST,,ANTIOCH,2016-10-08,377960,20167138-7375,Yes,Yes,"MILLER, LINDA & ROBERT",6388 OAK ST,ANTIOCH,TN,3.97,URBAN SERVICES DISTRICT,8304,http://x/i.jpg,51749,324704,376453,1019,CRAWL,1947,FRAME,A,1,3,2
72,106 14 0 096.00,VACANT RESIDENTIAL LAND,1504 ELM ST,,NASHVILLE,2016-02-09,107766,20140107-7225,Yes,No,"JOHNSON, ROBERT",6483 OAK ST,MADISON,TN,1.87,URBAN SERVICES DISTRICT,185,http://x/i.jpg,74054,297217,371271,2621,SLAB,1998,FRAME,A,2,1,0
73,162 11 0 198.00,SINGLE FAMILY,4881 PARK ST,,NASHVILLE,2016-12-18,245421,20145908-9537,No,Yes,"SMITH, ROBERT",2877 OAK ST,ANTIOCH,TN,1.42,GENERAL SERVICES DISTRICT,8179,,28538,53768,82306,1059,CRAWL,1975,FRAME,B,4,3,1
74,044 10 0 004.00,VACANT RESIDENTIAL LAND,5543 PARK ST,,HERMITAGE,2015-06-14,1055918,20168954-3230,No,Yes,"MILLER, JANE",9983 OAK ST,ANTIOCH,TN,2.45,URBAN SERVICES DISTRICT,6624,http://x/i.jpg,79985,351325,431310,1993,FULL BSMT,1929,STONE,C,4,2,1
75,150 01 0 373.00,VACANT RESIDENTIAL LAND,3534 PARK ST,,NASHVILLE,2015-07-22,419421,20162722-3280,Yes,Yes,"MILLER, JANE",4065 OAK ST,MADISON,TN,3.33,GENERAL SERVICES DISTRICT,6276,,41188,350497,391685,2639,FULL BSMT,1968,FRAME,C,4,4,2
76,175 02 0 289.00,VACANT RESIDENTIAL LAND,5532 PARK ST,,NASHVILLE,2015-02-09,90373,20144549-9366,Yes,No,"DAVIS, LINDA",7403 OAK ST,MADISON,TN,2.02,URBAN SERVICES DISTRICT,5751,,29335,170144,199479,2777,CRAWL,1924,FRAME,B,1,1,2
77,188 15 0 164.00,SINGLE FAMILY,5019 MAIN ST,APT 2,NASHVILLE,2015-01-28,60880,20152483-2791,Yes,No,"BROWN, MARY & LINDA",4096 OAK ST,ANTIOCH,TN,2.8,GENERAL SERVICES DISTRICT,9272,http://x/i.jpg,83303,293192,376495,2692,CRAWL,1938,FRAME,C,2,2,2
78,190 07 0 106.00,DUPLEX,1125 MAIN ST,APT 2,ANTIOCH,2016-06-11,1073208,20142915-8496,No,Yes,"MILLER, MARY",8119 OAK ST,MADISON,TN,3.03,GENERAL SERVICES DISTRICT,9717,,40863,275706,316569,2225,SLAB,2004,FRAME,C,2,3,2
79,140 13 0 215.00,RESIDENTIAL CONDO,9517 PARK ST,,ANTIOCH,2013-08-21,37556,20165217-3838,Yes,No,"JOHNSON, ROBERT",8122 OAK ST,MADISON,TN,0.79,GENERAL SERVICES DISTRICT,7489,,55026,101314,156340,2270,CRAWL,1995,FRAME,A,2,4,2
80,066 10 0 017.00,DUPLEX,3783 ELM ST,,HERMITAGE,2016-10-24,279489,20162460-9369,No,No,"JOHNSON, JOHN",4489 OAK ST,MADISON,TN,2.76,URBAN SERVICES DISTRICT,7331,,73176,296219,369395,2541,CRAWL,1984,STONE,C,2,3,0
81,191 14 0 085.00,RESIDENTIAL CONDO,3485 OAK ST,,MADISON,2015-09-09,65688,20169115-9827,No,Yes,"DAVIS, JAMES",4894 OAK ST,MADISON,TN,2.91,URBAN SERVICES DISTRICT,2321,http://x/i.jpg,46056,150036,196092,1042,SLAB,1977,STONE,A,6,2,0
82,170 14 0 193.00,VACANT RESIDENTIAL LAND,1337 MAIN ST,,MADISON,2015-12-12,1184533,20159798-8996,No,No,"JOHNSON, JAMES",1626 OAK ST,HERMITAGE,TN,3.21,GENERAL SERVICES DISTRICT,1137,http://x/i.jpg,66472,296617,363089,1692,SLAB,1938,BRICK,B,3,3,1
83,127 01 0 064.00,RESIDENTIAL CONDO,7330 PARK ST,,HERMITAGE,2014-04-23,227228,20138645-5945,No,Yes,"SMITH, LINDA",1629 OAK ST,MADISON,TN,1.33,GENERAL SERVICES DISTRICT,2811,,21345,64087,85432,2423,FULL BSMT,1963,FRAME,C,6,2,1
84,123 01 0 005.00,DUPLEX,2075 PARK ST,APT 2,ANTIOCH,2013-08-03,100284,20145004-7276,No,No,"MILLER, JANE",1790 OAK ST,MADISON,TN,1.9,GENERAL SERVICES DISTRICT,2346,http://x/i.jpg,25215,109572,134787,3968,CRAWL,2003,STONE,C,2,1,2
85,167 15 0 112.00,SINGLE FAMILY,1746 OAK ST,,HERMITAGE,2013-06-14,668248,20150611-3290,No,Yes,"DAVIS, JANE",1480 OAK ST,ANTIOCH,TN,2.81,GENERAL SERVICES DISTRICT,539,http://x/i.jpg,42925,369294,412219,1641,FULL BSMT,1992,STONE,C,2,4,1
86,102 11 0 068.00,VACANT RESIDENTIAL LAND,9412 PARK ST,,ANTIOCH,2013-08-25,51370,20134783-1273,Yes,No,"DAVIS, JAMES & JOHN",325 OAK ST,MADISON,TN,1.16,URBAN SERVICES DISTRICT,6620,http://x/i.jpg,46599,301925,348524,3374,FULL BSMT,2002,STONE,B,4,4,0
87,160 03 0 159.00,VACANT RESIDENTIAL LAND,4009 MAIN ST,,NASHVILLE,2014-07-04,56368,20159712-1901,No,No,"JOHNSON, JAMES",2056 OAK ST,NASHVILLE,TN,3.57,URBAN SERVICES DISTRICT,2784,http://x/i.jpg,82017,146534,228551,2220,FULL BSMT,2001,STONE,C,3,2,1
88,157 03 0 255.00,VACANT RESIDENTIAL LAND,8468 ELM ST,,HERMITAGE,2015-10-06,107695,20154096-3577,No,No,"SMITH, ROBERT",9502 OAK ST,NASHVILLE,TN,1.22,URBAN SERVICES DISTRICT,821,,50649,314650,365299,1801,CRAWL,1936,FRAME,B,4,2,0
89,138 02 0 092.00,RESIDENTIAL CONDO,8550 MAIN ST,,NASHVILLE,2016-08-28,184358,20148501-6090,No,No,"SMITH, JAMES",9161 OAK ST,HERMITAGE,TN,0.14,URBAN SERVICES DISTRICT,4877,http://x/i.jpg,56934,182217,239151,3829,FULL BSMT,1924,BRICK,B,3,4,0
90,012 11 0 001.00,VACANT RESIDENTIAL LAND,5138 MAIN ST,,ANTIOCH,2014-07-16,39735,20133925-3332,Yes,Yes,"BROWN, LINDA",1624 OAK ST,NASHVILLE,TN,4.61,GENERAL SERVICES DISTRICT,6202,http://x/i.jpg,45539,323925,369464,3863,CRAWL,2013,STONE,A,5,2,2
91,110 11 0 163.00,VACANT RESIDENTIAL LAND,4555 OAK ST,,ANTIOCH,2013-03-25,248850,20168319-2785,No,No,"BROWN, ROBERT",2793 OAK ST,HERMITAGE,TN,2.38,GENERAL SERVICES DISTRICT,2078,http://x/i.jpg,32132,164136,196268,3955,CRAWL,1970,FRAME,B,4,3,0
92,101 13 0 263.00,SINGLE FAMILY,4996 ELM ST,,NASHVILLE,2014-07-28,1030730,20159635-5093,No,Yes,"BROWN, JANE & JANE",1769 OAK ST,ANTIOCH,TN,0.7,URBAN SERVICES DISTRICT,3741,,20286,152732,173018,1611,SLAB,1931,FRAME,C,6,1,2
93,022 06 0 294.00,VACANT RESIDENTIAL LAND,6571 PARK ST,,HERMITAGE,2015-11-14,29828,20141325-6799,No,No,"SMITH, ROBERT & MARY",4605 OAK ST,MADISON,TN,2.29,URBAN SERVICES DISTRICT,667,,73121,107523,180644,3451,SLAB,1995,FRAME,B,5,4,0
94,107 12 0 246.00,VACANT RESIDENTIAL LAND,5736 ELM ST,,MADISON,2015-03-01,70202,20150897-4588,No,Yes,"DAVIS, JAMES",1059 OAK ST,HERMITAGE,TN,2.69,URBAN SERVICES DISTRICT,2715,,83919,170625,254544,1815,FULL BSMT,1931,BRICK,B,5,1,0
95,100 05 0 289.00,RESIDENTIAL CONDO,8164 ELM ST,,HERMITAGE,2016-01-03,66504,20133681-4811,Yes,No,"MILLER, JOHN",426 OAK ST,HERMITAGE,TN,0.1,URBAN SERVICES DISTRICT,2237,http://x/i.jpg,56681,228105,284786,3736,CRAWL,1993,FRAME,A,1,2,2
96,092 05 0 081.00,VACANT RESIDENTIAL LAND,8082 ELM ST,,MADISON,2014-04-22,34538,20168597-3872,No,Yes,"JONES, JAMES & ROBERT",4925 OAK ST,ANTIOCH,TN,0.97,URBAN SERVICES DISTRICT,9485,http://x/i.jpg,63967,387151,451118,3957,FULL BSMT,2010,BRICK,A,5,3,2
97,191 11 0 229.00,SINGLE FAMILY,4445 OAK ST,,NASHVILLE,2013-06-09,647256,20137080-1020,No,Yes,"BROWN, ROBERT & JOHN",7279 OAK ST,HERMITAGE,TN,4.85,GENERAL SERVICES DISTRICT,8178,http://x/i.jpg,25198,164778,189976,2238,FULL BSMT,1948,FRAME,A,4,2,0
98,051 03 0 281.00,SINGLE FAMILY,5636 PARK ST,APT 2,NASHVILLE,2013-07-21,177308,20140813-8113,No,No,"SMITH, ROBERT & MARY",1759 OAK ST,MADISON,TN,1.11,URBAN SERVICES DISTRICT,6805,http://x/i.jpg,49226,94906,144132,3505,SLAB,1977,FRAME,A,1,1,1
99,132 07 0 050.00,SINGLE FAMILY,3490 OAK ST,APT 2,MADISON,2016-02-16,40131,20137569-6052,No,Yes,"BROWN, LINDA",8113 OAK ST,MADISON,TN,0.55,GENERAL SERVICES DISTRICT,3129,http://x/i.jpg,71047,85942,156989,2362,SLAB,1993,BRICK,B,1,3,1
100,148 14 0 388.00,RESIDENTIAL CONDO,9170 MAIN ST,,HERMITAGE,2015-09-22,49654,20161118-4860,No,Yes,"SMITH, JOHN",1393 OAK ST,HERMITAGE,TN,4.52,URBAN SERVICES DISTRICT,8326,,34808,389945,424753,1292,SLAB,1979,BRICK,A,2,2,0
101,027 03 0 199.00,VACANT RESIDENTIAL LAND,9144 ELM ST,,HERMITAGE,2016-01-26,30271,20168507-9561,No,No,"BROWN, ROBERT",6890 OAK ST,ANTIOCH,TN,0.83,URBAN SERVICES DISTRICT,1830,,34382,351976,386358,4018,SLAB,1925,STONE,B,4,3,1
102,184 13 0 020.00,VACANT RESIDENTIAL LAND,5531 OAK ST,,HERMITAGE,2016-05-12,94976,20131325-6535,No,Yes,"JONES, JANE",4693 OAK ST,HERMITAGE,TN,4.31,URBAN SERVICES DISTRICT,3834,,37570,184396,221966,2030,FULL BSMT,2003,FRAME,B,3,4,2
103,050 03 0 160.00,VACANT RESIDENTIAL LAND,2322 MAIN ST,,ANTIOCH,2013-04-27,215793,20133776-5087,No,Yes,"BROWN, JOHN",928 OAK ST,MADISON,TN,3.55,GENERAL SERVICES DISTRICT,6135,http://x/i.jpg,78499,310795,389294,2868,SLAB,2002,STONE,A,6,1,0
104,076 03 0 146.00,SINGLE FAMILY,6433 MAIN ST,,ANTIOCH,2016-04-21,216943,20144752-4387,No,Yes,"BROWN, JANE",8509 OAK ST,NASHVILLE,TN,4.34,URBAN SERVICES DISTRICT,7867,,87264,223374,310638,3451,CRAWL,1967,STONE,A,2,3,2
105,143 13 0 300.00,SINGLE FAMILY,220 ELM ST,APT 2,MADISON,2015-05-22,198690,20137084-8892,No,Yes,"JOHNSON, MARY",4629 OAK ST,MADISON,TN,4.32,GENERAL SERVICES DISTRICT,4995,,75161,172119,247280,1414,FULL BSMT,1959,BRICK,A,5,4,2
106,159 07 0 176.00,RESIDENTIAL CONDO,8859 PARK ST,APT 2,MADISON,2014-09-10,271809,20141140-3967,No,No,"JONES, MARY",7813 OAK ST,ANTIOCH,TN,3.73,URBAN SERVICES DISTRICT,5599,,49003,259448,308451,1710,SLAB,1960,BRICK,C,3,4,1
107,168 03 0 242.00,RESIDENTIAL CONDO,8299 MAIN ST,APT 2,HERMITAGE,2015-09-10,96751,20157073-1885,No,No,"DAVIS, JAMES",3381 OAK ST,MADISON,TN,2.11,GENERAL SERVICES DISTRICT,2446,http://x/i.jpg,76674,68142,144816,3731,CRAWL,1967,BRICK,B,3,2,1
108,032 05 0 315.00,VACANT RESIDENTIAL LAND,7135 PARK ST,,HERMITAGE,2013-07-01,20617,20132472-9745,No,Yes,"JOHNSON, MARY",330 OAK ST,MADISON,TN,3.81,URBAN SERVICES DISTRICT,393,,37099,342136,379235,3366,FULL BSMT,2001,BRICK,A,6,3,1
109,126 11 0 223.00,RESIDENTIAL CONDO,5715 PARK ST,,ANTIOCH,2013-03-26,231946,20156436-1313,No,No,"SMITH, ROBERT",2249 OAK ST,ANTIOCH,TN,3.7,URBAN SERVICES DISTRICT,2117,http://x/i.jpg,36891,74229,111120,3712,FULL BSMT,1936,BRICK,B,6,3,2
110,107 04 0 281.00,DUPLEX,7872 OAK ST,,NASHVILLE,2013-05-14,97846,20136617-9524,No,No,"DAVIS, JOHN",6962 OAK ST,NASHVILLE,TN,2.61,URBAN SERVICES DISTRICT,4731,,17587,65289,82876,4014,CRAWL,1999,FRAME,A,5,2,1
111,186 16 0 170.00,RESIDENTIAL CONDO,144 MAIN ST,APT 2,NASHVILLE,2014-02-27,284401,20167627-9095,No,No,"MILLER, MARY",8483 OAK ST,NASHVILLE,TN,3.65,URBAN SERVICES DISTRICT,4292,,36020,60659,96679,2670,SLAB,1986,FRAME,B,1,1,0
112,179 06 0 169.00,DUPLEX,7271 ELM ST,APT 2,NASHVILLE,2015-06-27,277410,20152460-3996,No,Yes,"SMITH, JOHN",6657 OAK ST,HERMITAGE,TN,1.43,GENERAL SERVICES DISTRICT,7935,http://x/i.jpg,30191,89806,119997,3457,CRAWL,1925,BRICK,A,6,1,0
113,166 01 0 351.00,RESIDENTIAL CONDO,8014 PARK ST,,HERMITAGE,2016-08-02,1141236,20134150-5286,Yes,Yes,"MILLER, MARY",302 OAK ST,ANTIOCH,TN,4.89,GENERAL SERVICES DISTRICT,8604,,72430,135032,207462,2572,FULL BSMT,1933,STONE,A,4,3,2
114,136 06 0 039.00,VACANT RESIDENTIAL LAND,5353 OAK ST,,MADISON,2016-01-17,39484,20144595-7203,No,No,"JOHNSON, JAMES",1391 OAK ST,HERMITAGE,TN,2.28,GENERAL SERVICES DISTRICT,1542,http://x/i.jpg,16526,377326,393852,2631,SLAB,2006,BRICK,B,6,1,0
115,140 07 0 336.00,VACANT RESIDENTIAL LAND,5684 ELM ST,,ANTIOCH,2016-08-11,24696,20166710-8751,Yes,Yes,"MILLER, LINDA",7514 OAK ST,NASHVILLE,TN,0.58,URBAN SERVICES DISTRICT,135,http://x/i.jpg,26913,356776,383689,2254,FULL BSMT,1971,FRAME,C,5,3,2
116,110 07 0 235.00,RESIDENTIAL CONDO,5636 MAIN ST,,NASHVILLE,2013-11-27,447272,20168588-3018,No,Yes,"BROWN, JAMES & JOHN",9755 OAK ST,ANTIOCH,TN,4.82,URBAN SERVICES DISTRICT,8789,,68636,96078,164714,3066,SLAB,1933,STONE,B,5,2,2
117,187 08 0 141.00,VACANT RESIDENTIAL LAND,5717 ELM ST,,ANTIOCH,2014-03-14,706225,20169487-9393,No,Yes,"JONES, MARY",9169 OAK ST,ANTIOCH,TN,1.08,GENERAL SERVICES DISTRICT,5757,,57184,304298,361482,3709,FULL BSMT,1994,BRICK,C,5,3,2
118,118 01 0 268.00,SINGLE FAMILY,514 PARK ST,,NASHVILLE,2015-11-02,911117,20143100-5374,No,Yes,"DAVIS, JAMES",4205 OAK ST,ANTIOCH,TN,4.21,GENERAL SERVICES DISTRICT,3442,,69719,393497,463216,2269,SLAB,1934,BRICK,C,6,2,2
119,185 11 0 283.00,SINGLE FAMILY,312 ELM ST,,HERMITAGE,2016-04-21,1122406,20154100-9955,Yes,No,"SMITH, MARY",3270 OAK ST,MADISON,TN,2.3,URBAN SERVICES DISTRICT,3163,,52701,388386,441087,3810,FULL BSMT,2002,BRICK,B,1,4,1
120,020 05 0 166.00,SINGLE FAMILY,5034 PARK ST,APT 2,MADISON,2015-02-26,142186,20150831-9608,No,No,"JONES, LINDA",8629 OAK ST,NASHVILLE,TN,3.95,URBAN SERVICES DISTRICT,6914,http://x/i.jpg,15739,213310,229049,1176,SLAB,1991,BRICK,A,6,3,1
121,124 08 0 329.00,RESIDENTIAL CONDO,753 ELM ST,,NASHVILLE,2015-07-09,948315,20165404-5633,No,Yes,"DAVIS, JOHN & ROBERT",8526 OAK ST,HERMITAGE,TN,2.49,GENERAL SERVICES DISTRICT,3254,http://x/i.jpg,77240,334301,411541,2904,CRAWL,1966,BRICK,A,5,1,2
122,175 03 0 383.00,RESIDENTIAL CONDO,489 PARK ST,APT 2,MADISON,2014-01-03,47941,20134800-1889,No,Yes,"DAVIS, LINDA",9243 OAK ST,NASHVILLE,TN,2.92,URBAN SERVICES DISTRICT,4337,http://x/i.jpg,41945,321938,363883,2389,SLAB,1928,STONE,B,4,3,0
123,101 04 0 149.00,DUPLEX,1517 ELM ST,,HERMITAGE,2013-07-27,972581,20132019-8765,No,No,"SMITH, LINDA",2334 OAK ST,HERMITAGE,TN,4.0,GENERAL SERVICES DISTRICT,2460,http://x/i.jpg,23288,347027,370315,3574,FULL BSMT,1969,STONE,B,1,2,0
124,195 12 0 109.00,VACANT RESIDENTIAL LAND,8497 OAK ST,,ANTIOCH,2013-04-20,713225,20146563-4183,No,No,"BROWN, JANE",9394 OAK ST,NASHVILLE,TN,4.27,GENERAL SERVICES DISTRICT,9105,,86765,84630,171395,1990,FULL BSMT,1925,BRICK,B,1,2,2
125,091 16 0 231.00,DUPLEX,5108 OAK ST,APT 2,MADISON,2016-06-14,434444,20141051-1079,No,No,"BROWN, JAMES & JANE",3729 OAK ST,HERMITAGE,TN,1.46,GENERAL SERVICES DISTRICT,2300,http://x/i.jpg,45740,92452,138192,2765,SLAB,1994,FRAME,B,3,4,2
126,029 03 0 010.00,SINGLE FAMILY,9633 PARK ST,APT 2,ANTIOCH,2014-01-18,30744,20147079-9904,Yes,Yes,"BROWN, LINDA",2535 OAK ST,MADISON,TN,2.02,GENERAL SERVICES DISTRICT,2293,http://x/i.jpg,85597,142986,228583,2852,FULL BSMT,1933,BRICK,B,3,1,2
127,047 16 0 184.00,SINGLE FAMILY,3685 PARK ST,,NASHVILLE,2014-05-12,87388,20145336-1701,Yes,No,"MILLER, LINDA",8585 OAK ST,MADISON,TN,2.0,GENERAL SERVICES DISTRICT,860,,38480,336934,375414,3456,SLAB,1950,BRICK,C,5,3,2
128,067 13 0 181.00,DUPLEX,8076 PARK ST,APT 2,NASHVILLE,2014-09-05,271357,20158829-3713,No,No,"BROWN, MARY",8530 OAK ST,MADISON,TN,1.14,URBAN SERVICES DISTRICT,2678,http://x/i.jpg,25202,310880,336082,3265,FULL BSMT,1953,BRICK,C,2,4,1
129,015 08 0 023.00,RESIDENTIAL CONDO,9496 OAK ST,,NASHVILLE,2013-10-05,277007,20133664-3725,No,No,"JOHNSON, LINDA",8564 OAK ST,HERMITAGE,TN,3.04,URBAN SERVICES DISTRICT,4744,,42617,349744,392361,1687,SLAB,2012,STONE,B,4,2,0
